{"cameraMode":{"drawMode":0,"name":"Shaded","section":"Shading Mode"},"sceneLighting":true,"audioPlay":false,"sceneViewState":{"m_AlwaysRefresh":false,"showFog":true,"showSkybox":false,"showFlares":true,"showImageEffects":true,"showParticleSystems":true,"showVisualEffectGraphs":true,"m_FxEnabled":true},"in2DMode":false,"pivot":{"x":80.60250854492188,"y":1.6205573081970215,"z":-53.672786712646487},"rotation":{"x":-0.0018077652202919126,"y":-0.04888452962040901,"z":0.00009131703700404614,"w":-0.9988154768943787},"size":7.375925064086914,"orthographic":false}